<?xml version="1.0" encoding="UTF-8"?>
<beans  
    xmlns="http://www.springframework.org/schema/beans"  
    xmlns:xsi="http://www.w3.org/2001/XMLSchema-instance"  
    xmlns:p="http://www.springframework.org/schema/p"  
    xsi:schemaLocation="http://www.springframework.org/schema/beans  
       http://www.springframework.org/schema/beans/spring-beans-3.0.xsd">  
  <bean id="obj1" class="Student">
<property name="name" value="abhilasha"></property>
<property name="address" value="udupi"></property>
<property name="email" value="abhi@gmail.com"></property>
</bean>

<bean id="obj2" class="Student">
<property name="name" value="affrena"></property>
<property name="address" value="gadag"></property>
<property name="email" value="af@gmail.com"></property>
</bean>

</beans>