<?xml version="1.0" encoding="UTF-8"?>
<beans  
    xmlns="http://www.springframework.org/schema/beans"  
    xmlns:xsi="http://www.w3.org/2001/XMLSchema-instance"  
    xmlns:p="http://www.springframework.org/schema/p"  
    xsi:schemaLocation="http://www.springframework.org/schema/beans  
       http://www.springframework.org/schema/beans/spring-beans-3.0.xsd">  
       

<bean id="ob2" class="springcore1.Bank">
<constructor-arg  value="101" index="0" ></constructor-arg>
<constructor-arg  value="5000"  index="1"></constructor-arg>
<constructor-arg  value="ICICI BANK" index="2"></constructor-arg>

</bean>
  <bean id="ob1" class="springcore1.Employee">
<constructor-arg  value="101" index="0" ></constructor-arg>
<constructor-arg  value="abhilasha"  index="1"></constructor-arg>
<constructor-arg  value="udupi" index="2"></constructor-arg>
<constructor-arg><ref bean="ob2" /></constructor-arg>
</bean>



</beans>